"","category","name","price","ratings","no_of_reviews"
"1","Luggage","Melrose Upright Wheeled Underseater Carry-on Luggage","$67.89","4.3 out of 5 stars","3,569"
"2","Luggage","24"" Inch Travel Luggage Lightweight Check in Suitcase TSA Lock Bag, Hard Shell Travel Trolley Packing Universal Wheels Spinner Cabin Dark Grey","$108.00","3.5 out of 5 stars","35"
"3","Luggage","Convertible Garment Bag with Shoulder Strap, Modoker Carry on Garment Duffel Bag for Men Women - 2 in 1 Hanging Suitcase Suit Travel Bags","$111.89","4.5 out of 5 stars","7,382"
"4","Luggage","Tote-A-Ton 82cm Duffel Bag, Ultralight, 105 Litres","$48.90","4.6 out of 5 stars","5,647"
"5","Luggage","Printed Luggage Cover, Black, Medium, Printed Luggage Cover","$86.67","4.2 out of 5 stars","582"
"6","Luggage","Rolling Duffel Bag, Brown Leopard, 22-Inch, Rolling Duffel Bag","$150.40","4.4 out of 5 stars","2,321"
"7","Luggage","SAMSONITE Global Travel Accessories - Foldable Pack Cover","$89.92","3.8 out of 5 stars","557"
"8","Luggage","Overnight Travel Duffel Bag, Canvas Leather Oversized Weekender Bag Large Carry On Bag Travel Bag for Men or Women, Pink, Fashion","$163.92","4.6 out of 5 stars","4,714"
"9","Luggage","Travel Hack Collection, Black, Underseat Backpack - 40x20x25cm, backpack","$76.69","4.6 out of 5 stars","1,519"
"10","Luggage","Suit Luggage Garment Bag with Shoulder Strap, Suit Carry on Bag Hanging Suitcase Garment Bags for Men Women Business Travel","$105.25","4.3 out of 5 stars","1,061"
"11","Luggage","Carry on Garment Bag for Travel Business Trips, Convertible Travel Duffel Bag with Shoe Compartment, Detachable Shoulder Strap, 2 in 1 Weekender Suit Bag for Men Women","$156.28","4.6 out of 5 stars","2,045"
"12","Luggage","28"" Inch Luggage Suitcase Trolley Expandable Travel Packing TSA Lock Hard Shell Wheels Spinner Luggages Suitcases Coffee","$83.41","4.6 out of 5 stars","11"
"13","Luggage","Ryanair 40x20x25 Cabin Bags with 10 Year Guarantee Maximum Size Foldable Carry On Premium Bag Holdall Small Lightweight Cabin Luggage Under seat Flight Travel Duffel Bag 2023, Navy, CABIN","$72.07","4.4 out of 5 stars","8,019"
"14","Luggage","Metz Ryanair Hand Luggage, 40 x 20 x 25 cm, Perfect Travel Backpack for Airplane, Backpack & Bag (RPET Recycled Fabric, 40 x 20 x 25 cm)","$207.64","4.4 out of 5 stars","390"
"15","Luggage","Helium Aero Hardside Expandable Luggage with Spinner Wheels, Blue Cobalt, Carry-On 19 Inch, Helium Aero Hardside Expandable Luggage with Spinner Wheels","$74.21","4.4 out of 5 stars","1,470"
"16","Luggage","32-inch Collapsible Expandble Travel Rolling Duffel Bag","$46.34","4.3 out of 5 stars","323"
"17","Luggage","Clear PVC Suitcase Cover Protectors 24 28 30 Inch Luggage Cover for Wheeled Suitcase","$119.75","4.1 out of 5 stars","5,126"
"18","Luggage","Classic Weekender 35L (Duffel Bag) - Black","$111.77","4.3 out of 5 stars","17"
"19","Luggage","Paris Parvis Plus Hand Luggage","$97.78","4.2 out of 5 stars","109"
"20","Luggage","Maxlite 5 Softside 2pc Set Expandable Carry On Luggage with 4 Spinner Wheels/Soft Underseat Tote, Lightweight Suitcase, Men and Women, Shadow Grey, Carry-on 21-Inch, Maxlite 5 Softside","$624.62","4.5 out of 5 stars","5,979"
"21","Luggage","Ryanair 40x20x25 Maximum Size Hand Cabin Luggage Approved Travel Carry On Holdall Lightweight Shoulder Bag Backpack Rucksack Flight Bag with YKK Zippers 5 Year Warranty","$99.46","4.3 out of 5 stars","2,596"
"22","Luggage","Excess Luggage","$62.42","4.7 out of 5 stars","6"
"23","Luggage","F-Light","$223.57","4.5 out of 5 stars","40"
"24","Luggage","Unisex's Kånken Totepack Backpack",NA,"4.5 out of 5 stars","117"
"25","Luggage","Fjallraven F23796-664 Kånken Hip Pack Frost Green OneSize",NA,"4.4 out of 5 stars","654"
"26","Luggage","Leather Garment Bag for Travel, Modoker Carry On Suit Carrier Travel Bag with Shoulder Strap/Multiple Pockets - Ideal for Business Trips & Weekend Getaways - The Garment Duffel Bag for Traveling Men",NA,"4.1 out of 5 stars","6,833"
"27","Luggage","Rolling Duffel Bag",NA,"4.4 out of 5 stars","216"
"28","Luggage","Convertible Leather Garment Bag, Carry on Garment Bags for Travel Waterproof Garment Duffel Bag Gifts for Men Women Business - 2 in 1 Hanging Suitcase Suit Travel Bags, C-Black",NA,"4.3 out of 5 stars","741"
"29","Luggage","Women Travel Tote Overnight Weekender Carry On Bag with Luggage Sleeve and Shoes Compartmet",NA,"4.0 out of 5 stars","38"
"30","Luggage","MiniMAX 20L Ryanair 40x20x25 Maximum Size Cabin Hand Luggage Under Seat Trolley Backpack Carry On Cabin Hand Luggage Bag with 2 Year Warranty, Black, Backpack",NA,"4.6 out of 5 stars","6,194"
"31","Luggage","Duffle Bag for Travel 60L Canvas Duffel Bag Carry on Genuine Leather Overnight Weekender Bag for Men",NA,"4.6 out of 5 stars","985"
"32","Luggage","Ryanair Women's Travel Bag Sports Bag 40 x 20 x 25 cm Hand Luggage Bag Weekender Bag Swimming Bag Waterproof Travel Bag Duffle Bag Fitness Bag Training Bag Women for Travel Gym",NA,"3.8 out of 5 stars","63"
"33","Luggage","8 Pack Luggage Wheels Covers - Silicone Luggage Wheel Protector Covers for most 8 Spinner Wheel Suitcases or Office Chair Caster,Durable,Mute and Shock Absorption, Red, 8 Pack Luggage Wheels Covers",NA,"4.4 out of 5 stars","323"
"34","Luggage","Sanrio Carry Bag",NA,"4.2 out of 5 stars","1,143"
"35","Luggage","Travel Duffel Bag Overnight Bag, Portable Lightweight Luggage Bag for Sports, Vovation, Gym, Yoga (02 Navy Blue)",NA,"4.8 out of 5 stars","1,323"
"36","Luggage","GUGULUZA Replacement Luggage Wheel Repair Travel Suitcase Parts Wheels,Couple, Gw149, As show",NA,"4.3 out of 5 stars","3,736"
"37","Luggage","Carhartt Essential Classic Duffel, Heavy-Duty Gear Bag for Jobsite, Gym, & Travel, Grey, 35L",NA,"4.4 out of 5 stars","452"
"38","Luggage","Rolling Duffel Bag Rolling Duffel Bag, One Size, Travel Bag with Wheels, Navy, 22-Inch, Wheeled Travel Bag",NA,"4.3 out of 5 stars","403"
"39","Luggage","Garment Bag for Travel With Toiletry Bag Convertible Carry On Weekender Bag Large Travel Duffel Bags for Women 2 in 1 Hanging Suitcase Suit Travel Bags for Women & Men 3pcs Set, C-Brown Leopard, Large, Carry on Luggage",NA,"4.2 out of 5 stars","396"
"40","Luggage","30'' Xpedition Rolling Travel Duffel Bag, Black, Inch, Black, 30-Inch, 30'' Xpedition Rolling Travel Duffel Bag (BBB-77032-001)",NA,"4.8 out of 5 stars","10,514"
"41","Luggage","Fashion Softside Upright Luggage Set","$70.95","4.5 out of 5 stars","1,395"
"42","Luggage","for Ryanair Cabin Bags 40x20x25 Underseat Cabin Bag Waterproof Travel Hand Luggage Bag Carry on Bag Weekend Overnight Bag for Women and Men with Shoe Pouch, C-grey, travel","$110.40","4.5 out of 5 stars","590"
"43","Luggage","Kids Luggage with Wheels","$81.77","4.8 out of 5 stars","1,458"
"44","Luggage","Travel Duffel Bag, Tote Sports Gym Bag, Shoulder Overnight Weekender Bag for Women & Men, Hospital Bag, Expandable Duffel Bag with Trolley Sleeve/Wet Pocket, Pink Daisy","$58.74","4.6 out of 5 stars","632"
"45","Luggage","Jewelkeeper Paperboard Vintage Suitcase - Set of 3 Decorative Vintage Luggage - Storage Cardboard Suitcase - Mini Luggage Gift Box for Birthday or Wedding - Red, Turquoise, Yellow","$60.31","4.7 out of 5 stars","512"
"46","Luggage","Disney Hardside Luggage with Spinner Wheels","$360.89","4.7 out of 5 stars","16"
"47","Luggage","Sanrio 019569 Hello Kitty Travel Inner Case, Set of 3","$61.12","4.7 out of 5 stars","24"
"48","Luggage","Global Travel Accessories - Lycra Medium","$117.32","3.5 out of 5 stars","282"
"49","Luggage","Platinum Elite Hardside Expandable Spinner Wheel Luggage TSA Lock Hard Shell Polycarbonate Suitcase","$25.87","4.2 out of 5 stars","39"
"50","Luggage","Subterra Convertible Carry On 40L","$129.46","4.7 out of 5 stars","168"
"51","Luggage","Spontaneous Small Carry-On Wheeled Luggage","$90.33","4.8 out of 5 stars","126"
"52","Luggage","Travel Duffel Bag, Sports Tote Gym Bag, Shoulder Weekender Overnight Bag for Women","$418.57","4.7 out of 5 stars","3,758"
"53","Luggage","Veki Transparent Suitcase Covers with a Zip, Luggage Cover PVC Waterproof Dustproof Suitcase Cover with Velcro Fastening, Scratch Protection Suitcase Protective Case Travel Suitcase Cover, Transparent colour, 22zoll, Simple","$108.61","5.0 out of 5 stars","2"
"54","Luggage","Mini Metz 30l Underseat Carry On Luggage - 18x14x8 Weekender Bag - Ideal Backpack for Weekend Away/Short Breaks - Fits Qantas Airlines and Many More! 1.5lb","$278.47","4.2 out of 5 stars","5"
"55","Luggage","Duffel Bag, Pink Bandana, 19-Inch, Duffel Bag","$667.62","4.7 out of 5 stars","10,342"
"56","Luggage","Convertible Travel Garment Bag, Carry on Duffel Bag for Men Women - 2in 1 Hanging Suit Business with Double Back Strap and Detachable Shoulder, Waterproof, Gray, (TGB01)","$60.97","4.1 out of 5 stars","345"
"57","Luggage","Hand Luggage 40 x 20 x 25 cm Travel Backpack Travel Bag for Ryanair Aeroplane with Laptop Compartment 20L YG063","$63.31","4.6 out of 5 stars","434"
"58","Luggage","Travel Luggage Cover","$106.08","4.3 out of 5 stars","9,753"
"59","Luggage","SECURITIME Zip","$57.95","4.3 out of 5 stars","6"
"60","Luggage","Travel Weekender Bags for Women, Overnight Bag with Shoe Compartment, Oversized Travel Duffel Bag Carry On Tote with Trolley Sleeve 21"" for Weekend Travel Business Trip","$92.75","4.5 out of 5 stars","2,213"
"61","Luggage","Disney Hardside Luggage with Spinner Wheels",NA,"4.8 out of 5 stars","1,239"
"62","Luggage","Travel Weekender Bag Overnight Duffel with Toiletry Bag Carry-on Tote Bags fit 15.6 Inch Laptop Computer for Women Ladies, Pink",NA,"4.2 out of 5 stars","93"
"63","Luggage","BQLZR Black 8.3x10.4x5.2cm Large Left & Right Luggage 360 Degree Rotation Wheels Replacement 360 Degree Rotation Pack of 2",NA,"4.1 out of 5 stars","1,606"
"64","Luggage","Luna Women's Weekender Bag and Travel Duffel, Large 37 Liter Capacity",NA,"4.8 out of 5 stars","1,565"
"65","Luggage","Sanrio Carry Bag",NA,"4.8 out of 5 stars","1,250"
"66","Luggage","Kids' Disney Softside Upright Luggage, Disney Softside Upright Luggage",NA,"4.7 out of 5 stars","529"
"67","Luggage","Women Large Duffel Bag, Ladies Carry-on Overnight Weekender, Womens Hand Luggage, Travel Bags for Teens & Girls, Peony, X-Large",NA,"4.7 out of 5 stars","1,160"
"68","Luggage","WAHL Professional Animal Travel Tote Bag with Zipper, Paw Print Design, Turquoise (97764-300)",NA,"4.3 out of 5 stars","57"
"69","Luggage","Luggage, Black, Carry-On Pro with Tech Case",NA,"4.6 out of 5 stars","114"
"70","Luggage","Abs 24"" Expandable Spinner Luggage",NA,"4.1 out of 5 stars","1,357"
"71","Luggage","Wrangler 3 Piece Smart Hardside Spinner Luggage Set with USB Charging Port",NA,"4.3 out of 5 stars","316"
"72","Luggage","ABS Spinner Wheel Luggage, Built-In TSA lock Carry on Suitcase, with Cup Holder & USB Port & Phone Holder, Pink, Carry-On 20-Inch, Modernity",NA,"4.4 out of 5 stars","78"
"73","Luggage","SAMSONITE Global Travel Accessories - Foldable Travel Duffle",NA,"4.6 out of 5 stars","7,553"
"74","Luggage","Foldaway Folding Bags and Backpacks",NA,"4.6 out of 5 stars","884"
"75","Luggage","Duffel Bag, 19-Inch US",NA,"4.5 out of 5 stars","143"
"76","Luggage","Women Travel Tote Canvas Weekender Bag Carryon Shoulder Duffel PU Leather Purse",NA,"4.2 out of 5 stars","28"
"77","Luggage","Gym Bag for Kids Travel Overnight Sports Duffle Bag for Boys Adjustable Strap Green Kit Bag Large Holdall 41 x 19cm Gamer Hand Luggage Bag, Green, Classic",NA,"4.3 out of 5 stars","428"
"78","Luggage","X-bag/X-travel 2.0 18 Inch Cargo Overnight Folding Duffle Bag, Navy (blue) - BXG40203.050",NA,"4.8 out of 5 stars","66"
"79","Luggage","Luggage 22 Inch Printed Rolling Carry-On Suitcase Wheeled Duffel (22in, Ditty Floral)",NA,"4.3 out of 5 stars","204"
"80","Luggage","Take2cabin Carry-on Luggage, Standard Size",NA,"4.8 out of 5 stars","88"
"81","Luggage","Spidey Spider-Man Trolley, 38 cm, Children's Backpack, Hand Luggage Suitcase, Navy, Navy, XL, Vacation","$105.02","3.5 out of 5 stars","52"
"82","Luggage","Pack of 4 Luggage Suitcase Replacement, Suitcase Wheel Replacement, Suitcase Replacement Wheels, Tark and Wear-Resistant, Radian 55°, Suitable for Most Plastic Suitcases (No Screws), black, 4 * 3,5 * 1,8 Zoll","$57.71","3.7 out of 5 stars","48"
"83","Luggage","imiono Luggage Sets 3 Piece,Expandable Hardside Suitcase Set with Spinner Wheels,Lightweight Travel Luggage set with TSA Lock, Black, Luggage sets 5 piece, Luggage Sets","$42.83","4.5 out of 5 stars","2,527"
"84","Luggage","Out of Bounds 4-Wheel Spinner 2-pc Nested Set: 20"" Carry-on, 28"" Luggage","$199.54","4.0 out of 5 stars","19"
"85","Luggage","Rhinenet 2 Luggage Replacement Wheels OD 80mm Repair for Luggage Suitcase 80mm x 24mm x 6mm Wheels","$80.30","4.3 out of 5 stars","41"
"86","Luggage","Ben Sherman","$46.34","3.0 out of 5 stars","2"
"87","Luggage","19 Inch Suitcase Hand Luggage with Front Pocket for 15.6"" Laptop, 35 * 23 * 55cm, 43L, 3.1Kg, Ligthweight ABS+PC Hardshell Carry On, TSA Lock & YKK Zippers with HINOMOTO 360° Wheels, Pink","$165.29","4.5 out of 5 stars","2,371"
"88","Luggage","Solyte DLX Expandable Softside Luggage with Spinner Wheels","$39.30","4.6 out of 5 stars","957"
"89","Luggage","Luggage Hard Shell Suitcases with Spinner Wheel & TSA Lock, 16in Underseat Carry On Luggage 20in 24in 26in 28in Large Hardside Luggage Travel PC Luggage Set, Cuba Sand, 3-Piece Set（20/24/28）,","$42.78","4.4 out of 5 stars","117"
"90","Luggage","Convertible Cabin Bag 40 x 20 x 25 for Ryanair Expandable 45 x 36 x 20 for Easyjet Cabin Bag Travel Bag Hand Luggage Airplane Underseat Bag Carry On Bag CABI Bag for Holiday Shopping Hiking","$109.10","4.2 out of 5 stars","92"
"91","Luggage","ORO Suitcase Wheels Replacement Wheels 75 x 24 x 8 Rubber Wheels 1 Pair Mute Luggage Suitcase Replacement Wheels","$98.78","3.5 out of 5 stars","58"
"92","Luggage","4 Pieces Luggage Set(14/20/24/28) PP Lightweight 4 Double Rolling Wheels Suitcase With TSA Lock & YKK Zipper, Rose Pink, Fashion Travel Carry on Luggage Set","$55.00","4.6 out of 5 stars","116"
"93","Luggage","All Aluminum Suitcase Hard Shell Luggage Case Carry On Spinner Matel Suitcase (Silver, 24 Inch)","$98.71","4.4 out of 5 stars","49"
"94","Luggage","Sonora - Travel Duffle S, 55 cm, 59.5 L","$146.42","4.6 out of 5 stars","754"
"95","Luggage","Samsonite","$129.39","4.5 out of 5 stars","652"
"96","Luggage","ORO Suitcase Wheels Replacement Wheels 40/43/45/50/54/60/64/68/70/75/78/80/87/90 mm 8 mm Centre Bearing ID Rubber Wheels Wheels 1 Pair Mute Luggage Suitcase Replacement Wheels, 64 * 24 * 8mm","$115.70","4.2 out of 5 stars","73"
"97","Luggage","New Summer 2022 Easyjet 45x36x20 Maximum Size Carry On Holdall Travel Duffel Bag Cabin Luggage Lightweight Under Seat Flight Bag with 5 Year Warranty, Charcoal, Cabin Luggage Under Seat Flight Bag","$41.34","4.2 out of 5 stars","73"
"98","Luggage","Chatelet Hardside 2.0 Luggage with Spinner Wheels","$110.48","4.4 out of 5 stars","154"
"99","Luggage","Reisenthel Citycruiser Bag, Polyester, 24 x 34 x 60 cm, Multicolour (Dots), 60 Centimeters, Hand Luggage",NA,"4.6 out of 5 stars","143"
"100","Luggage","20 Inch Children's Ride On Trolley Luggage, Blue Portable Universal Wheel Luggage Carry On Luggage, Waterproof Unisex Boys Girls Travel Suitcase With Lock, ABS+PU, Pink",NA,"3.5 out of 5 stars","4"
"101","Makeup","Physicians Formula Murumuru Butter Bronzer | Sunkissed Bronzer | Bronzer Face Powder Makeup | Dermatologist Approved | Packaging May Vary","$39.38","4.6 out of 5 stars","28,096"
"102","Makeup","Makeup Revolution, Maxi Reloaded Big Shot Eyeshadow Palette, 45 Shades, 60.8 g","$68.93","4.4 out of 5 stars","427"
"103","Makeup","HEYMKGO Makeup Brush Set, Professional Make Up Brush Set, 15 Pieces with PU Leather Cosmetic Bag, Champagne Gold Makeup Brush Kit, Eyeshadow Makeup Brushes, Kabuki Cosmetic Brush, Make-Up Gift","$70.15","5.0 out of 5 stars","1"
"104","Makeup","Wet N Wild Megaglo Makeup Stick - Blush - 803 Floral Majority - .620ml","$52.76","4.2 out of 5 stars","3,715"
"105","Makeup","NYX Professional Makeup Glitter Primer","$16.25","4.6 out of 5 stars","21,608"
"106","Makeup","e.l.f., Monochromatic Multi Stick, Creamy, Lightweight, Versatile, Luxurious, Adds Shimmer, Easy To Use On The Go, Blends Effortlessly, Sparkling Rose, 0.155 Oz","$52.07","4.3 out of 5 stars","20,794"
"107","Makeup","Disposable Makeup Applicators Kit with Triangle Puff Mixing Palette, Artist Supplies Disposable Mascara Wands, Lip Brushes, Hair Clips Powder Puffs for Face with Storage Box","$29.23","4.7 out of 5 stars","1,051"
"108","Makeup","NYX Professional Makeup Suede Matte Lip Liner - Soft Spoken","$34.21","4.3 out of 5 stars","2,630"
"109","Makeup","Scar Concealer, Tattoo Concealer, Waterproof Makeup, Skin Scar, Dark Spots, Birthmark Concealer(#1)","$110.23","1.0 out of 5 stars","1"
"110","Makeup","NYX Professional Makeup Bare With Me Concealer Serum, Fair 01, 9.6mL","$36.93","4.5 out of 5 stars","14,066"
"111","Makeup","NYX Professional Makeup, Dual-ended Brow Pencil, Defining and Building, Micro Brow Pencil, Shade: Espresso, 0.5 g","$24.72","4.5 out of 5 stars","32,420"
"112","Makeup","Real Techniques Base Flawless Base Set, 200 count","$33.94","4.7 out of 5 stars","5,502"
"113","Makeup","PRIME PROMETICS PrimeEyes Glide Eyeliner for Mature Women – Waterproof, Long-Stay and Mess-Proof – Gel Cream Texture, Discreet Sharpener and Effective Smudger (Sapphire (blue))",NA,"4.0 out of 5 stars","1,347"
"114","Makeup","NYX Professional Makeup Ultimate Utopia Eyeshadow Palette Pressed Powder Eyeshadow 40 Shades Matte Satin Metallic",NA,"4.6 out of 5 stars","2,361"
"115","Makeup","Mehron Clown White Lite Makeup (2 oz)",NA,"4.5 out of 5 stars","1,458"
"116","Makeup","NYX Professional Makeup HD Photogenic Concealer Wand - Green",NA,"4.2 out of 5 stars","36,551"
"117","Makeup","NYX Professional Makeup Matte Bronzer - Medium",NA,"4.5 out of 5 stars","13,496"
"118","Makeup","NYX Professional Makeup Ultimate Shadow Palette - Phoenix",NA,"4.6 out of 5 stars","2,279"
"119","Makeup","L'Oreal Paris Voluminous Makeup Lash Paradise Mascara, Voluptuous Volume, Intense Length, Feathery Soft Full Lashes, No Flaking, No Smudging, No Clumping, Blackest Black, 1 Count, Packaging May Vary",NA,"4.4 out of 5 stars","68,305"
"120","Makeup","NYX PROFESSIONAL MAKEUP Simply Nude, Fairest, 0.11 Ounce",NA,"3.8 out of 5 stars","229"
"121","Makeup","NYX Professional Makeup Wonder Dual-Ended Face Shaping Stick, 02 Universal",NA,"4.4 out of 5 stars","2,777"
"122","Makeup","NYX Professional Makeup Bare With Me Hydrating Jelly Primer",NA,"4.4 out of 5 stars","1,370"
"123","Makeup","Mehron Makeup Clown White Professional Halloween Face Paint Cream Makeup (2.25 oz)",NA,"4.5 out of 5 stars","10,591"
"124","Makeup","NYX PROFESSIONAL MAKEUP Bare With Me Blur, Skin Tint Foundation with Matcha, Glycerin & Niacinamide - Soft Beige",NA,"4.0 out of 5 stars","187"
"125","Makeup","VIOLA HOUSE Highlighter Powder Stick,Fairy Highlighter Patting Powder Hair Body Glitter Bomb,Body Shimmer Highlighter Makeup,Sparkly Natural for Face Body Eyes Collarbones Glow.7g/0.25oz.(Pink)",NA,"4.5 out of 5 stars","9,476"
"126","Makeup","NYX Professional Makeup Precision Brow Pencil - Espresso",NA,"4.6 out of 5 stars","9,735"
"127","Makeup","Real Perfection 16pcs Makeup Brushes Set with 1 Eyebrow Razor Premium Synthetic Foundation Blending Face Powder Eye Shadow Concealer Make Up Brushes Tool Kit",NA,"3.7 out of 5 stars","3,339"
"128","Makeup","NYX Professional Makeup Blurring Pore Filler, Face Primer Stick, Enriched with Vitamin E, Transparent",NA,"4.3 out of 5 stars","1,408"
"129","Makeup","L’Oreal Paris Prime Lab 24 Hour Matte Primer 1 30.0 milliliters",NA,"4.2 out of 5 stars","14,689"
"130","Makeup","NYX Professional Makeup Can't Stop Won't Stop Full Coverage Liquid Foundation - 04 Light Ivory",NA,"4.3 out of 5 stars","7,258"
"131","Makeup","NYX Professional Makeup Born To Glow Liquid Illuminator - Gleam",NA,"4.2 out of 5 stars","4,475"
"132","Makeup","NYX Professional Makeup Lip Lingerie XXL - ON FUEGO 27",NA,"3.9 out of 5 stars","66"
"133","Makeup","20X Magnifying Mirror with Table Stand & Suction Cups, Large 6'' Travel Magnified Mirror 20x Makeup Mirror with High Magnification for Handheld Table Use Wall-Mounted, Magnifying Mirror with Tweezers",NA,"4.4 out of 5 stars","11,685"
"134","Makeup","L'Oréal Paris Infallible More Than Concealer 326 Vanilla",NA,"4.3 out of 5 stars","1,219"
"135","Makeup","NYX Professional Makeup Honey Dew Me Up Primer, 22 ml",NA,"4.5 out of 5 stars","429"
"136","Makeup","NYX Professional Makeup Lip Lingerie XXL - ON FUEGO 27","$43.90","4.2 out of 5 stars","4,475"
"137","Makeup","MAGEFY Makeup Brushes, 22 Pcs Professional Premium Synthetic Makeup Brush Set with Case, Foundation Eyeshadow Brush Travel Make up Brushes Set (Blackgold)","$98.27","4.6 out of 5 stars","82"
"138","Makeup","Revlon ColorStay Makeup with Time Release Technology for Combination/Oily Med.","$89.81","4.5 out of 5 stars","38"
"139","Makeup","NYX Professional Makeup Born To Glow Liquid Illuminator - Gleam","$47.15","4.3 out of 5 stars","7,258"
"140","Makeup","L'Oreal Paris Makeup True Match Lumi Glotion Natural Glow Enhancer Lotion, Fair, 1.35 Ounces","$36.93","4.6 out of 5 stars","21,582"
"141","Makeup","Personalized Initial Letter Patch Makeup Bag, Preppy Chenille Letter Cosmetic Pouch with Zipper, Purple/White-Letter, E","$46.34","4.5 out of 5 stars","122"
"142","Makeup","Travel Makeup Brush Holder，Waterproof Makeup Brush Holder，Silicone Fashion and Portable Cosmetic Brushes Holder，Soft and Sleek Makeup Tools Organizer for Travel, Khaki, Simplicity，Minimalist","$41.79","4.7 out of 5 stars","1,291"
"143","Makeup","Rechargeable Wall Mounted Lighted Makeup Vanity Mirror 8 Inch Double Sided 1X 10X Magnifying Bathroom Mirror, 3 Color Lighting, Touch Screen Dimming, Extended Arm 360 Rotation Shaving Light up Mirror","$35.89","4.5 out of 5 stars","4,510"
"144","Makeup","NYX Professional Makeup Honey Dew Me Up Primer, 22 ml","$46.45","4.3 out of 5 stars","1,219"
"145","Makeup","WEILY Portable Travel Makeup Mirror with 72 LED Lights, Touch Screen Three Colors Dimmable Lighted Makeup Mirror, 2000 mAh USB Rechargeable Lighted Vanity Mirror,Compact Foldable Travel Mirror","$47.69","4.5 out of 5 stars","2,244"
"146","Makeup","Fine Angled Eyeliner Brush, JASSINS Ultra thin Precision Makeup Brushes Set, Point Eyeliner, Synthetic Bristles Eye Makeup Tool (3 Pcs)",NA,"4.5 out of 5 stars","1,574"
"147","Makeup","NYX Professional Makeup Epic Wear Liner Sticks Olive",NA,"4.2 out of 5 stars","3,545"
"148","Makeup","MAGEFY Small Makeup Bag Mini Makeup Pouch Cute Cosmetic Bag for Women Travel Pouch Essentials Bags with Slip-in Pockets -Black",NA,"4.8 out of 5 stars","35"
"149","Makeup","L'Oréal Paris Infallible More Than Concealer 326 Vanilla",NA,"4.4 out of 5 stars","11,685"
"150","Makeup","e.l.f. Ultimate Makeup Brush Set & Travel Roll, 17-Piece Brush Kit, Brushes For Eyeshadow, Foundation, Powder, Concealer & more, Vegan & Cruelty-free",NA,"4.5 out of 5 stars","53"
"151","Makeup","Charlotte Tilbury Airbrush Flawless Setting Spray (100ml / 3.3 Fl Ozl),Clear",NA,"4.6 out of 5 stars","1,321"
"152","Makeup","HEYMKGO Makeup Brushes Professional Marble Makeup Brush Set, Soft and Odor-free Natural Synthetic Bristles,10pcs Makeup Brush + 2 Makeup Sponge + Cosmetics Bag",NA,"4.5 out of 5 stars","5,697"
"153","Makeup","NYX Professional Makeup Thick It Stick It, Taupe",NA,"4.3 out of 5 stars","12,822"
"154","Makeup","Joyeee 2 Pcs 3 In 1 Blush Highlighter Contour Palette, Natural Long-Lasting Sweat-Resistant Makeup Powder, Professional Make Up Set for Women Girl #2",NA,"3.7 out of 5 stars","3"
"155","Makeup","MAANGE Cosmetic Bags for Women Small Makeup Bag for Purse",NA,"4.5 out of 5 stars","351"
"156","Makeup","Physicians Formula Powder Palette Mineral Glow Pearls, Light Bronze, 0.28 oz.",NA,"4.4 out of 5 stars","3,340"
"157","Makeup","Black Smoky Eyeshadow Palette, DE'LANCI PANDA 9 Colours True Black Dark Grey Smokey Eyeshadow Palette Goth Makeup Pallet, Soft Matt Shimmer High Pigmented Basic Black White Grey Shade for Halloween",NA,"4.6 out of 5 stars","239"
"158","Makeup","Joyeee 6 Color Correcting Concealer Kit with 11 Pcs Makeup Brush Kits, Light Color Combination Cream Concealer Palet for Light to Medium Skin Tone, Cover Dark Circles, Bruises, Spots, Blemish",NA,"5.0 out of 5 stars","1"
"159","Makeup","Makeup Brushes 28 Pcs Make up Brushes Professional Makeup brushes Set Premium Synthetic Face Powder Blush Pointed Eyeshadow Blending Brush Kit with Gift Box(Champagne)",NA,"4.4 out of 5 stars","39"
"160","Makeup","NYX Professional Makeup Fill & Fluff Eyebrow Pomade Pencil - Brunette",NA,"4.5 out of 5 stars","10,062"
"161","Makeup","Rimmel London Lasting Matte Primer 30ml",NA,"4.2 out of 5 stars","2,256"
"162","Makeup","10 Colors Liquid Glitter Eyeliner Metallic Shimmer Glitter Eyeshadow Pigment Eyebrown Shimmer Waterproof Face Lips Art for Party Festival Makeup",NA,"4.1 out of 5 stars","6,337"
"163","Makeup","Revlon Photoready Rose Glow Face Makeup Primer, Rose Quartz, 1.0 Fl. Oz",NA,"3.9 out of 5 stars","3,574"
"164","Makeup","NYX Professional Makeup Can't Stop Won't Stop Mattifying Powder Bright Translucent",NA,"4.1 out of 5 stars","2,164"
"165","Makeup","Neon Glitter Eyeshadow Palette Makeup,Afflano UV Glow Blacklight Highly Pigmented Palette Eye Shadow Pallets,Matte Bright Colorful Rainbow Blue Red Orange Purple Green Pressed Glitter Makeup Palettes",NA,"4.3 out of 5 stars","2,589"
"166","Makeup","Makeup Remover Pads Reusable Round Soft Face Cleansing Puffs Towels Double Sided Washable Makeup Removal Cloth Microfibre Multifunctional (#3)",NA,"5.0 out of 5 stars","1"
"167","Makeup","VolksRose Makeup Kit for Women Full Kit, Multipurpose All in One Makeup Gift Set with Eyeshadow Palette Lipstick Concealer Blush Mascara Eyeliner Face Powder Lipgloss Brush",NA,"4.0 out of 5 stars","343"
"168","Makeup","Milani Make It Dewy 3-In-1 Setting Spray - Hydrate + Illuminate + Set (2.03 Fl. Oz.) Cruelty-Free Makeup Setting Spray - Prime & Hydrate Skin for a Bright, Refreshing Look",NA,"4.3 out of 5 stars","10,387"
"169","Makeup","Makeup Revolution Conceal & Define Full Coverage Conceal & Contour C4",NA,"4.4 out of 5 stars","2,184"
"170","Makeup","7 PCs Multi-color Series Makeup Sponge Set, Foundation Blending Beauty Blender, Flawless for Liquid Creams and Powders (Pink Sponge)",NA,"4.5 out of 5 stars","1,397"
"171","Makeup","heme Eye Color Palette - Sweet Berry 9g -Natural mineral powder,Velvet Matte/Shimmer/Glitter/Metal","$37.17","4.0 out of 5 stars","16,075"
"172","Makeup","NYX Professional Makeup Filler Instinct Plumping Lip Polish, Let's Glaze","$42.96","3.9 out of 5 stars","305"
"173","Makeup","NYX PROFESSIONAL MAKEUP Bare With Me Blur, Skin Tint Foundation with Matcha, Glycerin & Niacinamide - Espresso","$45.03","4.3 out of 5 stars","771"
"174","Makeup","NYX Professional Makeup Can't Stop Won't Stop Full Coverage Liquid Foundation - 10 Buff","$51.86","4.2 out of 5 stars","2,282"
"175","Makeup","Caboodles Pretty in Petite Makeup Box, Two-Tone Periwinkle on Pink, Hard Plastic Organizer Box, 2 Swivel Trays, Fashion Mirror, Secure Latch for Safe Travel","$38.91","4.2 out of 5 stars","68"
"176","Makeup","NATURAL STYLE 4 Pieces Clear Makeup Bags, Large Clear Makeup Cosmetic Toiletry Bag, Clear Plastic PVC Tote Bags with Zipper Handle Portable Travel Luggage Pouch Airport Airline Vacation Organization, BLACK, Fashion Clear Makeup Bag","$23.71","4.2 out of 5 stars","573"
"177","Makeup","The Color Workshop - New Hello Beautiful - Fashion Tin Case with Cantilever Trays - Complete Professional Makeup Kit for Eyes and Face - Makeup Gift Set for Girls, Teenagers and Women 1580146E","$36.94","4.4 out of 5 stars","62"
"178","Makeup","Narrative Cosmetics Tear Stick, Menthol-Infused Wax for Natural Tears on Cue, Professional SFX Makeup for Film, Theatre, TV, Acting","$43.47","4.6 out of 5 stars","66"
"179","Makeup","NYX Professional Makeup Lip Gloss Twin Pack, With Glossy Finish and Non-Sticky Formula, 2 x No.16 Praline","$49.43","4.3 out of 5 stars","1,577"
"180","Makeup","Revolution Beauty Makeup Revolution Conceal & Define Foundation F10, 200 g","$46.94","4.2 out of 5 stars","9,871"
"181","Makeup","EnMart 5 Pcs Cream Blush Stick, Shimmer Moisturizing Blusher Pen, Waterproof Smoothing Face Makeup Contour Cream Cheek Blusher Cosmetics Brighten Pink Blush Highlighter Multi-Sticks for Cheeks, Lips","$36.21","4.3 out of 5 stars","2,753"
"182","Makeup","Liquid Illuminator, Firstfly Body Highlighter Makeup Smooth Shimmer Glow Liquid Foundation for Face & Body（#03 Glistening Bronze）","$25.48","3.8 out of 5 stars","833"
"183","Makeup","NYX Professional Makeup Wonder Stick Dual-Ended Face Shaping Stick, 04 Medium","$48.11","4.6 out of 5 stars","2,059"
"184","Makeup","NYX Professional Makeup Super Skinny Eye Marker Carbon - Black","$48.11","4.6 out of 5 stars","164"
"185","Makeup","3INA MAKEUP - The Colour Mascara 575 - Brown Mascara with Keratin - Circumference and Definition - Colourful Mascara for Sensitive Eyes and Long Lasting - Highly Pigmented - Vegan - Cruelty Free",NA,"4.0 out of 5 stars","576"
"186","Makeup","e.l.f. Dewy Coconut Setting Mist",NA,"4.7 out of 5 stars","24,350"
"187","Makeup","Wet N Wild Alice in Wonderland Makeup Bag Alice in Wonderland Collection",NA,"4.3 out of 5 stars","175"
"188","Makeup","3INA MAKEUP - The No - Rules Stick 503 - Skin Colour Blush Stick for Eyes Lips Cheeks with Hyaluronic Acid - Cream Blusher for Natural and Luminous Finish - Vegan - Cruelty Free",NA,"5.0 out of 5 stars","4"
"189","Makeup","Real Techniques Base Expert Face Brush",NA,"4.0 out of 5 stars","1,049"
"190","Makeup","The Color Workshop - Travel in Colour Makeup Case - Fashion Train Case with Complete Professional Makeup Kit for Eyes, Face and Lips - Makeup Gift Set for Girls, Teenagers and Women - Beauty Case",NA,"4.5 out of 5 stars","847"
"191","Makeup","Allwon Large Empty Magnetic Plastic Eyeshadow Makeup Palette with 15Pcs Adhesive Empty Palette Metal Stickers for Eyeshadow Lipstick Blush Powder",NA,"4.5 out of 5 stars","4,786"
"192","Makeup","SILSTAR PROFESSIONAL Socket Brush,Flawless Makeup Application with Natural Birch Wooden Handle Made in Korea SPB013",NA,"4.0 out of 5 stars","58"
"193","Makeup","(12 CLASSIC TAN) - NYX PROFESSIONAL MAKEUP Total Control Pro Drop Foundation, Classic Tan",NA,"3.4 out of 5 stars","187"
"194","Makeup","CHASPA Halloween Liquid Latex Special Effects SFX Makeup Kit - Scar Wax + 2 Btl Liquid Latex + 2 Btl Fake Blood + Spatula Tool + 2Pcs Stipple Sponge + 4Pcs Makeup Sponges + Cotton Swabs",NA,"4.6 out of 5 stars","2,896"
"195","Makeup","Revolution Forever Flawless Affinity",NA,"4.5 out of 5 stars","863"
"196","Makeup","Makeup Revolution London Balm Glow Multi-Use Cheek and Lip Balm Buildable Deep Finish Red Pink 32g",NA,"4.0 out of 5 stars","596"
"197","Makeup","Sibba Powder Puff Beauty Blenders 6 Pieces Makeup Sponge Make Up Face Foundation Concealer Cosmetic Blending Holder Mini Washing Set Small Brushes Tools (Black)",NA,"4.6 out of 5 stars","3,494"
"198","Makeup","Makeup Kits for Teens - Flower Make Up Pallete Gift Set for Teen Girls and Women - Petals Expand to 3 Tiers -Variety Shade Array - Full Starter Kit for Beginners or Cosplay by",NA,"4.3 out of 5 stars","173"
"199","Makeup","Makeup Revolution Soph Eyeshadow Palette, 26.4g",NA,"4.7 out of 5 stars","29"
"200","Makeup","NYX Professional Makeup Jumbo Lash Vegan False Lashes - Ego Flare",NA,"4.3 out of 5 stars","1,350"
